# Time,ArB(OH)2,Product,ArBr,C6F6,cat
0.00000,1.20000,0.00000,1.00000,0.60000,0.05
5.00000,1.19994,0.00001,0.99994,0.60000
10.00000,1.19976,0.00006,0.99975,0.60000
15.00000,1.19946,0.00013,0.99945,0.60000
20.00000,1.19905,0.00024,0.99904,0.60000
25.00000,1.19853,0.00037,0.99852,0.60000
30.00000,1.19790,0.00052,0.99789,0.60000
35.00000,1.19718,0.00070,0.99717,0.60000
40.00000,1.19637,0.00090,0.99635,0.60000
45.00000,1.19547,0.00113,0.99545,0.60000
50.00000,1.19448,0.00137,0.99447,0.60000
55.00000,1.19342,0.00164,0.99341,0.60000
60.00000,1.19229,0.00192,0.99227,0.60000
65.00000,1.19109,0.00222,0.99107,0.60000
70.00000,1.18984,0.00253,0.98982,0.60000
75.00000,1.18852,0.00286,0.98850,0.60000
80.00000,1.18716,0.00320,0.98713,0.60000
85.00000,1.18574,0.00356,0.98572,0.60000
90.00000,1.18429,0.00392,0.98426,0.60000
95.00000,1.18279,0.00430,0.98276,0.60000
100.00000,1.18126,0.00468,0.98123,0.60000
105.00000,1.17969,0.00507,0.97967,0.60000
110.00000,1.17810,0.00547,0.97807,0.60000
115.00000,1.17648,0.00587,0.97645,0.60000
120.00000,1.17483,0.00628,0.97481,0.60000
125.00000,1.17317,0.00670,0.97314,0.60000
130.00000,1.17148,0.00712,0.97145,0.60000
135.00000,1.16978,0.00755,0.96975,0.60000
140.00000,1.16807,0.00798,0.96804,0.60000
145.00000,1.16634,0.00841,0.96631,0.60000
150.00000,1.16459,0.00884,0.96456,0.60000
155.00000,1.16284,0.00928,0.96281,0.60000
160.00000,1.16108,0.00972,0.96105,0.60000
165.00000,1.15931,0.01016,0.95928,0.60000
170.00000,1.15754,0.01061,0.95750,0.60000
175.00000,1.15575,0.01105,0.95572,0.60000
180.00000,1.15397,0.01150,0.95394,0.60000
185.00000,1.15218,0.01195,0.95215,0.60000
190.00000,1.15038,0.01240,0.95035,0.60000
195.00000,1.14859,0.01284,0.94856,0.60000
200.00000,1.14679,0.01329,0.94676,0.60000
205.00000,1.14499,0.01374,0.94496,0.60000
210.00000,1.14319,0.01419,0.94316,0.60000
215.00000,1.14139,0.01464,0.94135,0.60000
220.00000,1.13958,0.01509,0.93955,0.60000
225.00000,1.13778,0.01555,0.93775,0.60000
230.00000,1.13598,0.01600,0.93595,0.60000
235.00000,1.13418,0.01645,0.93415,0.60000
240.00000,1.13238,0.01690,0.93235,0.60000
245.00000,1.13059,0.01734,0.93055,0.60000
250.00000,1.12879,0.01779,0.92876,0.60000
255.00000,1.12700,0.01824,0.92696,0.60000
260.00000,1.12520,0.01869,0.92517,0.60000
265.00000,1.12341,0.01914,0.92338,0.60000
270.00000,1.12163,0.01958,0.92159,0.60000
275.00000,1.11984,0.02003,0.91981,0.60000
280.00000,1.11806,0.02048,0.91802,0.60000
285.00000,1.11628,0.02092,0.91624,0.60000
290.00000,1.11450,0.02137,0.91446,0.60000
295.00000,1.11272,0.02181,0.91269,0.60000
300.00000,1.11095,0.02225,0.91092,0.60000
305.00000,1.10918,0.02270,0.90915,0.60000
310.00000,1.10741,0.02314,0.90738,0.60000
315.00000,1.10565,0.02358,0.90562,0.60000
320.00000,1.10389,0.02402,0.90385,0.60000
325.00000,1.10213,0.02446,0.90210,0.60000
330.00000,1.10037,0.02490,0.90034,0.60000
335.00000,1.09862,0.02534,0.89859,0.60000
340.00000,1.09687,0.02577,0.89684,0.60000
345.00000,1.09513,0.02621,0.89509,0.60000
350.00000,1.09338,0.02665,0.89335,0.60000
355.00000,1.09164,0.02708,0.89161,0.60000
360.00000,1.08991,0.02751,0.88988,0.60000
365.00000,1.08818,0.02795,0.88814,0.60000
370.00000,1.08645,0.02838,0.88641,0.60000
375.00000,1.08472,0.02881,0.88469,0.60000
380.00000,1.08300,0.02924,0.88296,0.60000
385.00000,1.08128,0.02967,0.88124,0.60000
390.00000,1.07956,0.03010,0.87953,0.60000
395.00000,1.07784,0.03053,0.87781,0.60000
400.00000,1.07613,0.03096,0.87610,0.60000
405.00000,1.07443,0.03138,0.87440,0.60000
410.00000,1.07272,0.03181,0.87269,0.60000
415.00000,1.07102,0.03224,0.87099,0.60000
420.00000,1.06933,0.03266,0.86929,0.60000
425.00000,1.06763,0.03308,0.86760,0.60000
430.00000,1.06594,0.03351,0.86591,0.60000
435.00000,1.06425,0.03393,0.86422,0.60000
440.00000,1.06257,0.03435,0.86254,0.60000
445.00000,1.06089,0.03477,0.86086,0.60000
450.00000,1.05921,0.03519,0.85918,0.60000
455.00000,1.05754,0.03561,0.85750,0.60000
460.00000,1.05586,0.03603,0.85583,0.60000
465.00000,1.05420,0.03644,0.85416,0.60000
470.00000,1.05253,0.03686,0.85250,0.60000
475.00000,1.05087,0.03727,0.85084,0.60000
480.00000,1.04921,0.03769,0.84918,0.60000
485.00000,1.04756,0.03810,0.84752,0.60000
490.00000,1.04590,0.03852,0.84587,0.60000
495.00000,1.04426,0.03893,0.84422,0.60000
500.00000,1.04261,0.03934,0.84258,0.60000
505.00000,1.04097,0.03975,0.84094,0.60000
510.00000,1.03933,0.04016,0.83930,0.60000
515.00000,1.03769,0.04057,0.83766,0.60000
520.00000,1.03606,0.04098,0.83603,0.60000
525.00000,1.03443,0.04138,0.83440,0.60000
530.00000,1.03280,0.04179,0.83277,0.60000
535.00000,1.03118,0.04220,0.83115,0.60000
540.00000,1.02956,0.04260,0.82953,0.60000
545.00000,1.02794,0.04301,0.82791,0.60000
550.00000,1.02633,0.04341,0.82630,0.60000
555.00000,1.02472,0.04381,0.82469,0.60000
560.00000,1.02311,0.04421,0.82308,0.60000
565.00000,1.02151,0.04462,0.82148,0.60000
570.00000,1.01991,0.04502,0.81987,0.60000
575.00000,1.01831,0.04542,0.81828,0.60000
580.00000,1.01671,0.04581,0.81668,0.60000
585.00000,1.01512,0.04621,0.81509,0.60000
590.00000,1.01353,0.04661,0.81350,0.60000
595.00000,1.01195,0.04701,0.81191,0.60000
600.00000,1.01036,0.04740,0.81033,0.60000
605.00000,1.00878,0.04780,0.80875,0.60000
610.00000,1.00721,0.04819,0.80718,0.60000
615.00000,1.00563,0.04858,0.80560,0.60000
620.00000,1.00406,0.04898,0.80403,0.60000
625.00000,1.00250,0.04937,0.80246,0.60000
630.00000,1.00093,0.04976,0.80090,0.60000
635.00000,0.99937,0.05015,0.79934,0.60000
640.00000,0.99781,0.05054,0.79778,0.60000
645.00000,0.99626,0.05093,0.79623,0.60000
650.00000,0.99471,0.05132,0.79467,0.60000
655.00000,0.99316,0.05170,0.79312,0.60000
660.00000,0.99161,0.05209,0.79158,0.60000
665.00000,0.99007,0.05248,0.79004,0.60000
670.00000,0.98853,0.05286,0.78850,0.60000
675.00000,0.98699,0.05324,0.78696,0.60000
680.00000,0.98546,0.05363,0.78542,0.60000
685.00000,0.98392,0.05401,0.78389,0.60000
690.00000,0.98240,0.05439,0.78237,0.60000
695.00000,0.98087,0.05477,0.78084,0.60000
700.00000,0.97935,0.05516,0.77932,0.60000
705.00000,0.97783,0.05553,0.77780,0.60000
710.00000,0.97631,0.05591,0.77628,0.60000
715.00000,0.97480,0.05629,0.77477,0.60000
720.00000,0.97329,0.05667,0.77326,0.60000
725.00000,0.97178,0.05705,0.77175,0.60000
730.00000,0.97028,0.05742,0.77025,0.60000
735.00000,0.96878,0.05780,0.76875,0.60000
740.00000,0.96728,0.05817,0.76725,0.60000
745.00000,0.96578,0.05855,0.76575,0.60000
750.00000,0.96429,0.05892,0.76426,0.60000
755.00000,0.96280,0.05929,0.76277,0.60000
760.00000,0.96131,0.05966,0.76128,0.60000
765.00000,0.95983,0.06004,0.75980,0.60000
770.00000,0.95835,0.06041,0.75832,0.60000
775.00000,0.95687,0.06078,0.75684,0.60000
780.00000,0.95540,0.06114,0.75536,0.60000
785.00000,0.95392,0.06151,0.75389,0.60000
790.00000,0.95245,0.06188,0.75242,0.60000
795.00000,0.95099,0.06225,0.75096,0.60000
800.00000,0.94952,0.06261,0.74949,0.60000
805.00000,0.94806,0.06298,0.74803,0.60000
810.00000,0.94660,0.06334,0.74657,0.60000
815.00000,0.94515,0.06371,0.74512,0.60000
820.00000,0.94370,0.06407,0.74366,0.60000
825.00000,0.94225,0.06443,0.74221,0.60000
830.00000,0.94080,0.06479,0.74077,0.60000
835.00000,0.93935,0.06515,0.73932,0.60000
840.00000,0.93791,0.06551,0.73788,0.60000
845.00000,0.93648,0.06587,0.73644,0.60000
850.00000,0.93504,0.06623,0.73501,0.60000
855.00000,0.93361,0.06659,0.73358,0.60000
860.00000,0.93218,0.06695,0.73215,0.60000
865.00000,0.93075,0.06731,0.73072,0.60000
870.00000,0.92933,0.06766,0.72929,0.60000
875.00000,0.92790,0.06802,0.72787,0.60000
880.00000,0.92648,0.06837,0.72645,0.60000
885.00000,0.92507,0.06873,0.72504,0.60000
890.00000,0.92366,0.06908,0.72362,0.60000
895.00000,0.92224,0.06943,0.72221,0.60000
900.00000,0.92084,0.06978,0.72081,0.60000
905.00000,0.91943,0.07014,0.71940,0.60000
910.00000,0.91803,0.07049,0.71800,0.60000
915.00000,0.91663,0.07084,0.71660,0.60000
920.00000,0.91523,0.07118,0.71520,0.60000
925.00000,0.91384,0.07153,0.71381,0.60000
930.00000,0.91245,0.07188,0.71242,0.60000
935.00000,0.91106,0.07223,0.71103,0.60000
940.00000,0.90967,0.07258,0.70964,0.60000
945.00000,0.90829,0.07292,0.70826,0.60000
950.00000,0.90691,0.07327,0.70688,0.60000
955.00000,0.90553,0.07361,0.70550,0.60000
960.00000,0.90415,0.07395,0.70412,0.60000
965.00000,0.90278,0.07430,0.70275,0.60000
970.00000,0.90141,0.07464,0.70138,0.60000
975.00000,0.90005,0.07498,0.70001,0.60000
980.00000,0.89868,0.07532,0.69865,0.60000
985.00000,0.89732,0.07566,0.69729,0.60000
990.00000,0.89596,0.07600,0.69593,0.60000
995.00000,0.89460,0.07634,0.69457,0.60000
1000.00000,0.89325,0.07668,0.69322,0.60000
1005.00000,0.89190,0.07702,0.69187,0.60000
1010.00000,0.89055,0.07736,0.69052,0.60000
1015.00000,0.88920,0.07769,0.68917,0.60000
1020.00000,0.88786,0.07803,0.68783,0.60000
1025.00000,0.88652,0.07836,0.68649,0.60000
1030.00000,0.88518,0.07870,0.68515,0.60000
1035.00000,0.88384,0.07903,0.68381,0.60000
1040.00000,0.88251,0.07937,0.68248,0.60000
1045.00000,0.88118,0.07970,0.68115,0.60000
1050.00000,0.87985,0.08003,0.67982,0.60000
1055.00000,0.87853,0.08036,0.67850,0.60000
1060.00000,0.87721,0.08069,0.67717,0.60000
1065.00000,0.87588,0.08102,0.67585,0.60000
1070.00000,0.87457,0.08135,0.67454,0.60000
1075.00000,0.87325,0.08168,0.67322,0.60000
1080.00000,0.87194,0.08201,0.67191,0.60000
1085.00000,0.87063,0.08234,0.67060,0.60000
1090.00000,0.86932,0.08266,0.66929,0.60000
1095.00000,0.86802,0.08299,0.66799,0.60000
1100.00000,0.86672,0.08331,0.66669,0.60000
1105.00000,0.86542,0.08364,0.66539,0.60000
1110.00000,0.86412,0.08396,0.66409,0.60000
1115.00000,0.86282,0.08429,0.66279,0.60000
1120.00000,0.86153,0.08461,0.66150,0.60000
1125.00000,0.86024,0.08493,0.66021,0.60000
1130.00000,0.85896,0.08525,0.65893,0.60000
1135.00000,0.85767,0.08558,0.65764,0.60000
1140.00000,0.85639,0.08590,0.65636,0.60000
1145.00000,0.85511,0.08622,0.65508,0.60000
1150.00000,0.85383,0.08654,0.65380,0.60000
1155.00000,0.85256,0.08685,0.65253,0.60000
1160.00000,0.85129,0.08717,0.65126,0.60000
1165.00000,0.85002,0.08749,0.64999,0.60000
1170.00000,0.84875,0.08781,0.64872,0.60000
1175.00000,0.84749,0.08812,0.64746,0.60000
1180.00000,0.84622,0.08844,0.64619,0.60000
1185.00000,0.84496,0.08875,0.64493,0.60000
1190.00000,0.84371,0.08907,0.64368,0.60000
1195.00000,0.84245,0.08938,0.64242,0.60000
1200.00000,0.84120,0.08969,0.64117,0.60000
1205.00000,0.83995,0.09001,0.63992,0.60000
1210.00000,0.83870,0.09032,0.63867,0.60000
1215.00000,0.83746,0.09063,0.63743,0.60000
1220.00000,0.83621,0.09094,0.63618,0.60000
1225.00000,0.83497,0.09125,0.63494,0.60000
1230.00000,0.83374,0.09156,0.63371,0.60000
1235.00000,0.83250,0.09187,0.63247,0.60000
1240.00000,0.83127,0.09218,0.63124,0.60000
1245.00000,0.83004,0.09248,0.63001,0.60000
1250.00000,0.82881,0.09279,0.62878,0.60000
1255.00000,0.82758,0.09310,0.62755,0.60000
1260.00000,0.82636,0.09340,0.62633,0.60000
1265.00000,0.82514,0.09371,0.62511,0.60000
1270.00000,0.82392,0.09401,0.62389,0.60000
1275.00000,0.82270,0.09432,0.62267,0.60000
1280.00000,0.82149,0.09462,0.62146,0.60000
1285.00000,0.82028,0.09492,0.62025,0.60000
1290.00000,0.81907,0.09523,0.61904,0.60000
1295.00000,0.81786,0.09553,0.61783,0.60000
1300.00000,0.81666,0.09583,0.61663,0.60000
1305.00000,0.81546,0.09613,0.61543,0.60000
1310.00000,0.81426,0.09643,0.61423,0.60000
1315.00000,0.81306,0.09673,0.61303,0.60000
1320.00000,0.81186,0.09703,0.61183,0.60000
1325.00000,0.81067,0.09733,0.61064,0.60000
1330.00000,0.80948,0.09762,0.60945,0.60000
1335.00000,0.80829,0.09792,0.60826,0.60000
1340.00000,0.80711,0.09822,0.60708,0.60000
1345.00000,0.80592,0.09851,0.60589,0.60000
1350.00000,0.80474,0.09881,0.60471,0.60000
1355.00000,0.80356,0.09910,0.60353,0.60000
1360.00000,0.80239,0.09940,0.60236,0.60000
1365.00000,0.80121,0.09969,0.60118,0.60000
1370.00000,0.80004,0.09998,0.60001,0.60000
1375.00000,0.79887,0.10028,0.59884,0.60000
1380.00000,0.79770,0.10057,0.59767,0.60000
1385.00000,0.79654,0.10086,0.59651,0.60000
1390.00000,0.79538,0.10115,0.59535,0.60000
1395.00000,0.79422,0.10144,0.59419,0.60000
1400.00000,0.79306,0.10173,0.59303,0.60000
1405.00000,0.79190,0.10202,0.59187,0.60000
1410.00000,0.79075,0.10231,0.59072,0.60000
1415.00000,0.78960,0.10260,0.58957,0.60000
1420.00000,0.78845,0.10288,0.58842,0.60000
1425.00000,0.78730,0.10317,0.58727,0.60000
1430.00000,0.78615,0.10346,0.58613,0.60000
1435.00000,0.78501,0.10374,0.58498,0.60000
1440.00000,0.78387,0.10403,0.58384,0.60000
1445.00000,0.78273,0.10431,0.58270,0.60000
1450.00000,0.78160,0.10460,0.58157,0.60000
1455.00000,0.78046,0.10488,0.58043,0.60000
1460.00000,0.77933,0.10516,0.57930,0.60000
1465.00000,0.77820,0.10544,0.57817,0.60000
1470.00000,0.77708,0.10573,0.57705,0.60000
1475.00000,0.77595,0.10601,0.57592,0.60000
1480.00000,0.77483,0.10629,0.57480,0.60000
1485.00000,0.77371,0.10657,0.57368,0.60000
1490.00000,0.77259,0.10685,0.57256,0.60000
1495.00000,0.77147,0.10713,0.57144,0.60000
1500.00000,0.77036,0.10740,0.57033,0.60000
1505.00000,0.76925,0.10768,0.56922,0.60000
1510.00000,0.76814,0.10796,0.56811,0.60000
1515.00000,0.76703,0.10824,0.56700,0.60000
1520.00000,0.76592,0.10851,0.56590,0.60000
1525.00000,0.76482,0.10879,0.56479,0.60000
1530.00000,0.76372,0.10906,0.56369,0.60000
1535.00000,0.76262,0.10934,0.56259,0.60000
1540.00000,0.76152,0.10961,0.56150,0.60000
1545.00000,0.76043,0.10989,0.56040,0.60000
1550.00000,0.75934,0.11016,0.55931,0.60000
1555.00000,0.75825,0.11043,0.55822,0.60000
1560.00000,0.75716,0.11070,0.55713,0.60000
1565.00000,0.75607,0.11098,0.55604,0.60000
1570.00000,0.75499,0.11125,0.55496,0.60000
1575.00000,0.75391,0.11152,0.55388,0.60000
1580.00000,0.75283,0.11179,0.55280,0.60000
1585.00000,0.75175,0.11206,0.55172,0.60000
1590.00000,0.75067,0.11233,0.55065,0.60000
1595.00000,0.74960,0.11259,0.54957,0.60000
1600.00000,0.74853,0.11286,0.54850,0.60000
1605.00000,0.74746,0.11313,0.54743,0.60000
1610.00000,0.74639,0.11340,0.54636,0.60000
1615.00000,0.74533,0.11366,0.54530,0.60000
1620.00000,0.74426,0.11393,0.54424,0.60000
1625.00000,0.74320,0.11419,0.54317,0.60000
1630.00000,0.74214,0.11446,0.54212,0.60000
1635.00000,0.74109,0.11472,0.54106,0.60000
1640.00000,0.74003,0.11499,0.54000,0.60000
1645.00000,0.73898,0.11525,0.53895,0.60000
1650.00000,0.73793,0.11551,0.53790,0.60000
1655.00000,0.73688,0.11577,0.53685,0.60000
1660.00000,0.73583,0.11604,0.53581,0.60000
1665.00000,0.73479,0.11630,0.53476,0.60000
1670.00000,0.73375,0.11656,0.53372,0.60000
1675.00000,0.73271,0.11682,0.53268,0.60000
1680.00000,0.73167,0.11708,0.53164,0.60000
1685.00000,0.73063,0.11734,0.53060,0.60000
1690.00000,0.72960,0.11760,0.52957,0.60000
1695.00000,0.72856,0.11785,0.52854,0.60000
1700.00000,0.72753,0.11811,0.52751,0.60000
1705.00000,0.72651,0.11837,0.52648,0.60000
1710.00000,0.72548,0.11862,0.52545,0.60000
1715.00000,0.72446,0.11888,0.52443,0.60000
1720.00000,0.72343,0.11914,0.52340,0.60000
1725.00000,0.72241,0.11939,0.52238,0.60000
1730.00000,0.72139,0.11965,0.52137,0.60000
1735.00000,0.72038,0.11990,0.52035,0.60000
1740.00000,0.71936,0.12015,0.51934,0.60000
1745.00000,0.71835,0.12041,0.51832,0.60000
1750.00000,0.71734,0.12066,0.51731,0.60000
1755.00000,0.71633,0.12091,0.51630,0.60000
1760.00000,0.71533,0.12116,0.51530,0.60000
1765.00000,0.71432,0.12141,0.51429,0.60000
1770.00000,0.71332,0.12167,0.51329,0.60000
1775.00000,0.71232,0.12192,0.51229,0.60000
1780.00000,0.71132,0.12217,0.51129,0.60000
1785.00000,0.71032,0.12241,0.51029,0.60000
1790.00000,0.70933,0.12266,0.50930,0.60000
1795.00000,0.70833,0.12291,0.50831,0.60000
1800.00000,0.70734,0.12316,0.50732,0.60000
1805.00000,0.70635,0.12341,0.50633,0.60000
1810.00000,0.70537,0.12365,0.50534,0.60000
1815.00000,0.70438,0.12390,0.50435,0.60000
1820.00000,0.70340,0.12415,0.50337,0.60000
1825.00000,0.70242,0.12439,0.50239,0.60000
1830.00000,0.70144,0.12464,0.50141,0.60000
1835.00000,0.70046,0.12488,0.50043,0.60000
1840.00000,0.69948,0.12512,0.49946,0.60000
1845.00000,0.69851,0.12537,0.49848,0.60000
1850.00000,0.69754,0.12561,0.49751,0.60000
1855.00000,0.69657,0.12585,0.49654,0.60000
1860.00000,0.69560,0.12609,0.49557,0.60000
1865.00000,0.69464,0.12634,0.49461,0.60000
1870.00000,0.69367,0.12658,0.49364,0.60000
1875.00000,0.69271,0.12682,0.49268,0.60000
1880.00000,0.69175,0.12706,0.49172,0.60000
1885.00000,0.69079,0.12730,0.49076,0.60000
1890.00000,0.68983,0.12754,0.48981,0.60000
1895.00000,0.68888,0.12778,0.48885,0.60000
1900.00000,0.68792,0.12801,0.48790,0.60000
1905.00000,0.68697,0.12825,0.48695,0.60000
1910.00000,0.68602,0.12849,0.48600,0.60000
1915.00000,0.68508,0.12873,0.48505,0.60000
1920.00000,0.68413,0.12896,0.48410,0.60000
1925.00000,0.68319,0.12920,0.48316,0.60000
1930.00000,0.68225,0.12943,0.48222,0.60000
1935.00000,0.68131,0.12967,0.48128,0.60000
1940.00000,0.68037,0.12990,0.48034,0.60000
1945.00000,0.67943,0.13014,0.47940,0.60000
1950.00000,0.67850,0.13037,0.47847,0.60000
1955.00000,0.67756,0.13060,0.47754,0.60000
1960.00000,0.67663,0.13084,0.47661,0.60000
1965.00000,0.67570,0.13107,0.47568,0.60000
1970.00000,0.67478,0.13130,0.47475,0.60000
1975.00000,0.67385,0.13153,0.47382,0.60000
1980.00000,0.67293,0.13176,0.47290,0.60000
1985.00000,0.67200,0.13199,0.47198,0.60000
1990.00000,0.67108,0.13222,0.47106,0.60000
1995.00000,0.67017,0.13245,0.47014,0.60000
2000.00000,0.66925,0.13268,0.46922,0.60000
2005.00000,0.66834,0.13291,0.46831,0.60000
2010.00000,0.66742,0.13314,0.46739,0.60000
2015.00000,0.66651,0.13337,0.46648,0.60000
2020.00000,0.66560,0.13360,0.46557,0.60000
2025.00000,0.66469,0.13382,0.46467,0.60000
2030.00000,0.66379,0.13405,0.46376,0.60000
2035.00000,0.66288,0.13427,0.46286,0.60000
2040.00000,0.66198,0.13450,0.46195,0.60000
2045.00000,0.66108,0.13473,0.46105,0.60000
2050.00000,0.66018,0.13495,0.46015,0.60000
2055.00000,0.65928,0.13517,0.45926,0.60000
2060.00000,0.65839,0.13540,0.45836,0.60000
2065.00000,0.65750,0.13562,0.45747,0.60000
2070.00000,0.65660,0.13584,0.45658,0.60000
2075.00000,0.65571,0.13607,0.45569,0.60000
2080.00000,0.65483,0.13629,0.45480,0.60000
2085.00000,0.65394,0.13651,0.45391,0.60000
2090.00000,0.65305,0.13673,0.45303,0.60000
2095.00000,0.65217,0.13695,0.45214,0.60000
2100.00000,0.65129,0.13717,0.45126,0.60000
2105.00000,0.65041,0.13739,0.45038,0.60000
2110.00000,0.64953,0.13761,0.44950,0.60000
2115.00000,0.64866,0.13783,0.44863,0.60000
2120.00000,0.64778,0.13805,0.44775,0.60000
2125.00000,0.64691,0.13827,0.44688,0.60000
2130.00000,0.64604,0.13849,0.44601,0.60000
2135.00000,0.64517,0.13870,0.44514,0.60000
2140.00000,0.64430,0.13892,0.44427,0.60000
2145.00000,0.64343,0.13914,0.44341,0.60000
2150.00000,0.64257,0.13935,0.44254,0.60000
2155.00000,0.64171,0.13957,0.44168,0.60000
2160.00000,0.64084,0.13978,0.44082,0.60000
2165.00000,0.63999,0.14000,0.43996,0.60000
2170.00000,0.63913,0.14021,0.43910,0.60000
2175.00000,0.63827,0.14043,0.43824,0.60000
2180.00000,0.63742,0.14064,0.43739,0.60000
2185.00000,0.63656,0.14085,0.43654,0.60000
2190.00000,0.63571,0.14107,0.43569,0.60000
2195.00000,0.63486,0.14128,0.43484,0.60000
2200.00000,0.63402,0.14149,0.43399,0.60000
2205.00000,0.63317,0.14170,0.43314,0.60000
2210.00000,0.63233,0.14191,0.43230,0.60000
2215.00000,0.63148,0.14213,0.43146,0.60000
2220.00000,0.63064,0.14234,0.43061,0.60000
2225.00000,0.62980,0.14255,0.42978,0.60000
2230.00000,0.62896,0.14275,0.42894,0.60000
2235.00000,0.62813,0.14296,0.42810,0.60000
2240.00000,0.62729,0.14317,0.42727,0.60000
2245.00000,0.62646,0.14338,0.42643,0.60000
2250.00000,0.62563,0.14359,0.42560,0.60000
2255.00000,0.62480,0.14380,0.42477,0.60000
2260.00000,0.62397,0.14400,0.42394,0.60000
2265.00000,0.62314,0.14421,0.42312,0.60000
2270.00000,0.62232,0.14442,0.42229,0.60000
2275.00000,0.62150,0.14462,0.42147,0.60000
2280.00000,0.62067,0.14483,0.42065,0.60000
2285.00000,0.61985,0.14503,0.41983,0.60000
2290.00000,0.61904,0.14524,0.41901,0.60000
2295.00000,0.61822,0.14544,0.41819,0.60000
2300.00000,0.61740,0.14564,0.41738,0.60000
2305.00000,0.61659,0.14585,0.41656,0.60000
2310.00000,0.61578,0.14605,0.41575,0.60000
2315.00000,0.61497,0.14625,0.41494,0.60000
2320.00000,0.61416,0.14646,0.41413,0.60000
2325.00000,0.61335,0.14666,0.41332,0.60000
2330.00000,0.61255,0.14686,0.41252,0.60000
2335.00000,0.61174,0.14706,0.41171,0.60000
2340.00000,0.61094,0.14726,0.41091,0.60000
2345.00000,0.61014,0.14746,0.41011,0.60000
2350.00000,0.60934,0.14766,0.40931,0.60000
2355.00000,0.60854,0.14786,0.40851,0.60000
2360.00000,0.60774,0.14806,0.40772,0.60000
2365.00000,0.60695,0.14826,0.40692,0.60000
2370.00000,0.60616,0.14846,0.40613,0.60000
2375.00000,0.60536,0.14866,0.40534,0.60000
2380.00000,0.60457,0.14885,0.40455,0.60000
2385.00000,0.60378,0.14905,0.40376,0.60000
2390.00000,0.60300,0.14925,0.40297,0.60000
2395.00000,0.60221,0.14944,0.40219,0.60000
2400.00000,0.60143,0.14964,0.40140,0.60000
2405.00000,0.60064,0.14983,0.40062,0.60000
2410.00000,0.59986,0.15003,0.39984,0.60000
2415.00000,0.59908,0.15023,0.39906,0.60000
2420.00000,0.59831,0.15042,0.39828,0.60000
2425.00000,0.59753,0.15061,0.39750,0.60000
2430.00000,0.59675,0.15081,0.39673,0.60000
2435.00000,0.59598,0.15100,0.39596,0.60000
2440.00000,0.59521,0.15119,0.39518,0.60000
2445.00000,0.59444,0.15139,0.39441,0.60000
2450.00000,0.59367,0.15158,0.39364,0.60000
2455.00000,0.59290,0.15177,0.39288,0.60000
2460.00000,0.59214,0.15196,0.39211,0.60000
2465.00000,0.59137,0.15215,0.39135,0.60000
2470.00000,0.59061,0.15234,0.39058,0.60000
2475.00000,0.58985,0.15253,0.38982,0.60000
2480.00000,0.58909,0.15272,0.38906,0.60000
2485.00000,0.58833,0.15291,0.38830,0.60000
2490.00000,0.58757,0.15310,0.38755,0.60000
2495.00000,0.58682,0.15329,0.38679,0.60000
2500.00000,0.58606,0.15348,0.38604,0.60000
2505.00000,0.58531,0.15367,0.38528,0.60000
2510.00000,0.58456,0.15386,0.38453,0.60000
2515.00000,0.58381,0.15404,0.38378,0.60000
2520.00000,0.58306,0.15423,0.38304,0.60000
2525.00000,0.58231,0.15442,0.38229,0.60000
2530.00000,0.58157,0.15460,0.38154,0.60000
2535.00000,0.58082,0.15479,0.38080,0.60000
2540.00000,0.58008,0.15498,0.38006,0.60000
2545.00000,0.57934,0.15516,0.37932,0.60000
2550.00000,0.57860,0.15535,0.37858,0.60000
2555.00000,0.57786,0.15553,0.37784,0.60000
2560.00000,0.57713,0.15571,0.37710,0.60000
2565.00000,0.57639,0.15590,0.37637,0.60000
2570.00000,0.57566,0.15608,0.37563,0.60000
2575.00000,0.57493,0.15626,0.37490,0.60000
2580.00000,0.57420,0.15645,0.37417,0.60000
2585.00000,0.57347,0.15663,0.37344,0.60000
2590.00000,0.57274,0.15681,0.37271,0.60000
2595.00000,0.57201,0.15699,0.37199,0.60000
2600.00000,0.57129,0.15717,0.37126,0.60000
2605.00000,0.57056,0.15736,0.37054,0.60000
2610.00000,0.56984,0.15754,0.36981,0.60000
2615.00000,0.56912,0.15772,0.36909,0.60000
2620.00000,0.56840,0.15790,0.36837,0.60000
2625.00000,0.56768,0.15808,0.36766,0.60000
2630.00000,0.56696,0.15826,0.36694,0.60000
2635.00000,0.56625,0.15843,0.36622,0.60000
2640.00000,0.56553,0.15861,0.36551,0.60000
2645.00000,0.56482,0.15879,0.36480,0.60000
2650.00000,0.56411,0.15897,0.36409,0.60000
2655.00000,0.56340,0.15915,0.36338,0.60000
2660.00000,0.56269,0.15932,0.36267,0.60000
2665.00000,0.56199,0.15950,0.36196,0.60000
2670.00000,0.56128,0.15968,0.36125,0.60000
2675.00000,0.56058,0.15985,0.36055,0.60000
2680.00000,0.55987,0.16003,0.35985,0.60000
2685.00000,0.55917,0.16020,0.35915,0.60000
2690.00000,0.55847,0.16038,0.35845,0.60000
2695.00000,0.55777,0.16055,0.35775,0.60000
2700.00000,0.55707,0.16073,0.35705,0.60000
2705.00000,0.55638,0.16090,0.35635,0.60000
2710.00000,0.55568,0.16108,0.35566,0.60000
2715.00000,0.55499,0.16125,0.35496,0.60000
2720.00000,0.55430,0.16142,0.35427,0.60000
2725.00000,0.55361,0.16159,0.35358,0.60000
2730.00000,0.55292,0.16177,0.35289,0.60000
2735.00000,0.55223,0.16194,0.35220,0.60000
2740.00000,0.55154,0.16211,0.35152,0.60000
2745.00000,0.55086,0.16228,0.35083,0.60000
2750.00000,0.55017,0.16245,0.35015,0.60000
2755.00000,0.54949,0.16262,0.34947,0.60000
2760.00000,0.54881,0.16279,0.34879,0.60000
2765.00000,0.54813,0.16296,0.34811,0.60000
2770.00000,0.54745,0.16313,0.34743,0.60000
2775.00000,0.54677,0.16330,0.34675,0.60000
2780.00000,0.54610,0.16347,0.34607,0.60000
2785.00000,0.54542,0.16364,0.34540,0.60000
2790.00000,0.54475,0.16381,0.34472,0.60000
2795.00000,0.54408,0.16398,0.34405,0.60000
2800.00000,0.54341,0.16414,0.34338,0.60000
2805.00000,0.54274,0.16431,0.34271,0.60000
2810.00000,0.54207,0.16448,0.34204,0.60000
2815.00000,0.54140,0.16465,0.34138,0.60000
2820.00000,0.54074,0.16481,0.34071,0.60000
2825.00000,0.54007,0.16498,0.34005,0.60000
2830.00000,0.53941,0.16514,0.33938,0.60000
2835.00000,0.53875,0.16531,0.33872,0.60000
2840.00000,0.53809,0.16547,0.33806,0.60000
2845.00000,0.53743,0.16564,0.33740,0.60000
2850.00000,0.53677,0.16580,0.33675,0.60000
2855.00000,0.53611,0.16597,0.33609,0.60000
2860.00000,0.53546,0.16613,0.33543,0.60000
2865.00000,0.53480,0.16630,0.33478,0.60000
2870.00000,0.53415,0.16646,0.33413,0.60000
2875.00000,0.53350,0.16662,0.33348,0.60000
2880.00000,0.53285,0.16678,0.33283,0.60000
2885.00000,0.53220,0.16695,0.33218,0.60000
2890.00000,0.53155,0.16711,0.33153,0.60000
2895.00000,0.53091,0.16727,0.33088,0.60000
2900.00000,0.53026,0.16743,0.33024,0.60000
2905.00000,0.52962,0.16759,0.32959,0.60000
2910.00000,0.52898,0.16775,0.32895,0.60000
2915.00000,0.52833,0.16791,0.32831,0.60000
2920.00000,0.52769,0.16807,0.32767,0.60000
2925.00000,0.52706,0.16823,0.32703,0.60000
2930.00000,0.52642,0.16839,0.32639,0.60000
2935.00000,0.52578,0.16855,0.32576,0.60000
2940.00000,0.52515,0.16871,0.32512,0.60000
2945.00000,0.52451,0.16887,0.32449,0.60000
2950.00000,0.52388,0.16903,0.32386,0.60000
2955.00000,0.52325,0.16918,0.32322,0.60000
2960.00000,0.52262,0.16934,0.32259,0.60000
2965.00000,0.52199,0.16950,0.32197,0.60000
2970.00000,0.52136,0.16966,0.32134,0.60000
2975.00000,0.52074,0.16981,0.32071,0.60000
2980.00000,0.52011,0.16997,0.32009,0.60000
2985.00000,0.51949,0.17013,0.31946,0.60000
2990.00000,0.51886,0.17028,0.31884,0.60000
2995.00000,0.51824,0.17044,0.31822,0.60000
3000.00000,0.51762,0.17059,0.31760,0.60000
3005.00000,0.51700,0.17075,0.31698,0.60000
3010.00000,0.51638,0.17090,0.31636,0.60000
3015.00000,0.51577,0.17106,0.31574,0.60000
3020.00000,0.51515,0.17121,0.31513,0.60000
3025.00000,0.51454,0.17136,0.31451,0.60000
3030.00000,0.51392,0.17152,0.31390,0.60000
3035.00000,0.51331,0.17167,0.31329,0.60000
3040.00000,0.51270,0.17182,0.31268,0.60000
3045.00000,0.51209,0.17197,0.31207,0.60000
3050.00000,0.51148,0.17213,0.31146,0.60000
3055.00000,0.51088,0.17228,0.31085,0.60000
3060.00000,0.51027,0.17243,0.31025,0.60000
3065.00000,0.50966,0.17258,0.30964,0.60000
3070.00000,0.50906,0.17273,0.30904,0.60000
3075.00000,0.50846,0.17288,0.30843,0.60000
3080.00000,0.50786,0.17303,0.30783,0.60000
3085.00000,0.50726,0.17318,0.30723,0.60000
3090.00000,0.50666,0.17333,0.30663,0.60000
3095.00000,0.50606,0.17348,0.30604,0.60000
3100.00000,0.50546,0.17363,0.30544,0.60000
3105.00000,0.50487,0.17378,0.30484,0.60000
3110.00000,0.50427,0.17393,0.30425,0.60000
3115.00000,0.50368,0.17408,0.30366,0.60000
3120.00000,0.50309,0.17422,0.30306,0.60000
3125.00000,0.50250,0.17437,0.30247,0.60000
3130.00000,0.50191,0.17452,0.30188,0.60000
3135.00000,0.50132,0.17467,0.30130,0.60000
3140.00000,0.50073,0.17481,0.30071,0.60000
3145.00000,0.50015,0.17496,0.30012,0.60000
3150.00000,0.49956,0.17511,0.29954,0.60000
3155.00000,0.49898,0.17525,0.29895,0.60000
3160.00000,0.49839,0.17540,0.29837,0.60000
3165.00000,0.49781,0.17554,0.29779,0.60000
3170.00000,0.49723,0.17569,0.29721,0.60000
3175.00000,0.49665,0.17583,0.29663,0.60000
3180.00000,0.49607,0.17598,0.29605,0.60000
3185.00000,0.49550,0.17612,0.29547,0.60000
3190.00000,0.49492,0.17627,0.29490,0.60000
3195.00000,0.49435,0.17641,0.29432,0.60000
3200.00000,0.49377,0.17655,0.29375,0.60000
3205.00000,0.49320,0.17670,0.29318,0.60000
3210.00000,0.49263,0.17684,0.29260,0.60000
3215.00000,0.49206,0.17698,0.29203,0.60000
3220.00000,0.49149,0.17713,0.29146,0.60000
3225.00000,0.49092,0.17727,0.29090,0.60000
3230.00000,0.49035,0.17741,0.29033,0.60000
3235.00000,0.48979,0.17755,0.28976,0.60000
3240.00000,0.48922,0.17769,0.28920,0.60000
3245.00000,0.48866,0.17783,0.28863,0.60000
3250.00000,0.48809,0.17797,0.28807,0.60000
3255.00000,0.48753,0.17811,0.28751,0.60000
3260.00000,0.48697,0.17825,0.28695,0.60000
3265.00000,0.48641,0.17839,0.28639,0.60000
3270.00000,0.48585,0.17853,0.28583,0.60000
3275.00000,0.48530,0.17867,0.28527,0.60000
3280.00000,0.48474,0.17881,0.28472,0.60000
3285.00000,0.48419,0.17895,0.28416,0.60000
3290.00000,0.48363,0.17909,0.28361,0.60000
3295.00000,0.48308,0.17923,0.28306,0.60000
3300.00000,0.48253,0.17937,0.28250,0.60000
3305.00000,0.48198,0.17950,0.28195,0.60000
3310.00000,0.48143,0.17964,0.28140,0.60000
3315.00000,0.48088,0.17978,0.28085,0.60000
3320.00000,0.48033,0.17991,0.28031,0.60000
3325.00000,0.47978,0.18005,0.27976,0.60000
3330.00000,0.47924,0.18019,0.27922,0.60000
3335.00000,0.47869,0.18032,0.27867,0.60000
3340.00000,0.47815,0.18046,0.27813,0.60000
3345.00000,0.47761,0.18060,0.27759,0.60000
3350.00000,0.47707,0.18073,0.27704,0.60000
3355.00000,0.47653,0.18087,0.27650,0.60000
3360.00000,0.47599,0.18100,0.27596,0.60000
3365.00000,0.47545,0.18113,0.27543,0.60000
3370.00000,0.47491,0.18127,0.27489,0.60000
3375.00000,0.47438,0.18140,0.27435,0.60000
3380.00000,0.47384,0.18154,0.27382,0.60000
3385.00000,0.47331,0.18167,0.27329,0.60000
3390.00000,0.47277,0.18180,0.27275,0.60000
3395.00000,0.47224,0.18194,0.27222,0.60000
3400.00000,0.47171,0.18207,0.27169,0.60000
3405.00000,0.47118,0.18220,0.27116,0.60000
3410.00000,0.47065,0.18233,0.27063,0.60000
3415.00000,0.47013,0.18247,0.27010,0.60000
3420.00000,0.46960,0.18260,0.26958,0.60000
3425.00000,0.46907,0.18273,0.26905,0.60000
3430.00000,0.46855,0.18286,0.26853,0.60000
3435.00000,0.46803,0.18299,0.26800,0.60000
3440.00000,0.46750,0.18312,0.26748,0.60000
3445.00000,0.46698,0.18325,0.26696,0.60000
3450.00000,0.46646,0.18338,0.26644,0.60000
3455.00000,0.46594,0.18351,0.26592,0.60000
3460.00000,0.46542,0.18364,0.26540,0.60000
3465.00000,0.46491,0.18377,0.26488,0.60000
3470.00000,0.46439,0.18390,0.26437,0.60000
3475.00000,0.46387,0.18403,0.26385,0.60000
3480.00000,0.46336,0.18416,0.26334,0.60000
3485.00000,0.46285,0.18429,0.26282,0.60000
3490.00000,0.46233,0.18441,0.26231,0.60000
3495.00000,0.46182,0.18454,0.26180,0.60000
3500.00000,0.46131,0.18467,0.26129,0.60000
3505.00000,0.46080,0.18480,0.26078,0.60000
3510.00000,0.46029,0.18492,0.26027,0.60000
3515.00000,0.45979,0.18505,0.25976,0.60000
3520.00000,0.45928,0.18518,0.25926,0.60000
3525.00000,0.45877,0.18530,0.25875,0.60000
3530.00000,0.45827,0.18543,0.25825,0.60000
3535.00000,0.45777,0.18556,0.25774,0.60000
3540.00000,0.45726,0.18568,0.25724,0.60000
3545.00000,0.45676,0.18581,0.25674,0.60000
3550.00000,0.45626,0.18593,0.25624,0.60000
3555.00000,0.45576,0.18606,0.25574,0.60000
3560.00000,0.45526,0.18618,0.25524,0.60000
3565.00000,0.45477,0.18631,0.25474,0.60000
3570.00000,0.45427,0.18643,0.25425,0.60000
3575.00000,0.45377,0.18655,0.25375,0.60000
3580.00000,0.45328,0.18668,0.25326,0.60000
3585.00000,0.45279,0.18680,0.25276,0.60000
3590.00000,0.45229,0.18692,0.25227,0.60000
3595.00000,0.45180,0.18705,0.25178,0.60000
3600.00000,0.45131,0.18717,0.25129,0.60000
3605.00000,0.45082,0.18729,0.25080,0.60000
3610.00000,0.45033,0.18741,0.25031,0.60000
3615.00000,0.44984,0.18754,0.24982,0.60000
3620.00000,0.44936,0.18766,0.24933,0.60000
3625.00000,0.44887,0.18778,0.24885,0.60000
3630.00000,0.44838,0.18790,0.24836,0.60000
3635.00000,0.44790,0.18802,0.24788,0.60000
3640.00000,0.44742,0.18814,0.24740,0.60000
3645.00000,0.44693,0.18826,0.24691,0.60000
3650.00000,0.44645,0.18838,0.24643,0.60000
3655.00000,0.44597,0.18850,0.24595,0.60000
3660.00000,0.44549,0.18862,0.24547,0.60000
3665.00000,0.44501,0.18874,0.24499,0.60000
3670.00000,0.44454,0.18886,0.24452,0.60000
3675.00000,0.44406,0.18898,0.24404,0.60000
3680.00000,0.44358,0.18910,0.24356,0.60000
3685.00000,0.44311,0.18922,0.24309,0.60000
3690.00000,0.44264,0.18934,0.24261,0.60000
3695.00000,0.44216,0.18946,0.24214,0.60000
3700.00000,0.44169,0.18958,0.24167,0.60000
3705.00000,0.44122,0.18969,0.24120,0.60000
3710.00000,0.44075,0.18981,0.24073,0.60000
3715.00000,0.44028,0.18993,0.24026,0.60000
3720.00000,0.43981,0.19004,0.23979,0.60000
3725.00000,0.43934,0.19016,0.23932,0.60000
3730.00000,0.43888,0.19028,0.23886,0.60000
3735.00000,0.43841,0.19039,0.23839,0.60000
3740.00000,0.43795,0.19051,0.23792,0.60000
3745.00000,0.43748,0.19063,0.23746,0.60000
3750.00000,0.43702,0.19074,0.23700,0.60000
3755.00000,0.43656,0.19086,0.23654,0.60000
3760.00000,0.43610,0.19097,0.23607,0.60000
3765.00000,0.43564,0.19109,0.23561,0.60000
3770.00000,0.43518,0.19120,0.23516,0.60000
3775.00000,0.43472,0.19132,0.23470,0.60000
3780.00000,0.43426,0.19143,0.23424,0.60000
3785.00000,0.43380,0.19155,0.23378,0.60000
3790.00000,0.43335,0.19166,0.23333,0.60000
3795.00000,0.43289,0.19177,0.23287,0.60000
3800.00000,0.43244,0.19189,0.23242,0.60000
3805.00000,0.43199,0.19200,0.23196,0.60000
3810.00000,0.43153,0.19211,0.23151,0.60000
3815.00000,0.43108,0.19223,0.23106,0.60000
3820.00000,0.43063,0.19234,0.23061,0.60000
3825.00000,0.43018,0.19245,0.23016,0.60000
3830.00000,0.42973,0.19256,0.22971,0.60000
3835.00000,0.42928,0.19268,0.22926,0.60000
3840.00000,0.42884,0.19279,0.22882,0.60000
3845.00000,0.42839,0.19290,0.22837,0.60000
3850.00000,0.42795,0.19301,0.22793,0.60000
3855.00000,0.42750,0.19312,0.22748,0.60000
3860.00000,0.42706,0.19323,0.22704,0.60000
3865.00000,0.42662,0.19334,0.22660,0.60000
3870.00000,0.42617,0.19345,0.22615,0.60000
3875.00000,0.42573,0.19356,0.22571,0.60000
3880.00000,0.42529,0.19367,0.22527,0.60000
3885.00000,0.42485,0.19378,0.22483,0.60000
3890.00000,0.42442,0.19389,0.22439,0.60000
3895.00000,0.42398,0.19400,0.22396,0.60000
3900.00000,0.42354,0.19411,0.22352,0.60000
3905.00000,0.42311,0.19422,0.22308,0.60000
3910.00000,0.42267,0.19433,0.22265,0.60000
3915.00000,0.42224,0.19444,0.22222,0.60000
3920.00000,0.42180,0.19455,0.22178,0.60000
3925.00000,0.42137,0.19466,0.22135,0.60000
3930.00000,0.42094,0.19476,0.22092,0.60000
3935.00000,0.42051,0.19487,0.22049,0.60000
3940.00000,0.42008,0.19498,0.22006,0.60000
3945.00000,0.41965,0.19509,0.21963,0.60000
3950.00000,0.41922,0.19519,0.21920,0.60000
3955.00000,0.41879,0.19530,0.21877,0.60000
3960.00000,0.41837,0.19541,0.21835,0.60000
3965.00000,0.41794,0.19551,0.21792,0.60000
3970.00000,0.41752,0.19562,0.21750,0.60000
3975.00000,0.41709,0.19572,0.21707,0.60000
3980.00000,0.41667,0.19583,0.21665,0.60000
3985.00000,0.41625,0.19594,0.21623,0.60000
3990.00000,0.41583,0.19604,0.21580,0.60000
3995.00000,0.41540,0.19615,0.21538,0.60000
4000.00000,0.41498,0.19625,0.21496,0.60000
4005.00000,0.41457,0.19636,0.21455,0.60000
4010.00000,0.41415,0.19646,0.21413,0.60000
4015.00000,0.41373,0.19657,0.21371,0.60000
4020.00000,0.41331,0.19667,0.21329,0.60000
4025.00000,0.41290,0.19677,0.21288,0.60000
4030.00000,0.41248,0.19688,0.21246,0.60000
4035.00000,0.41207,0.19698,0.21205,0.60000
4040.00000,0.41165,0.19708,0.21163,0.60000
4045.00000,0.41124,0.19719,0.21122,0.60000
4050.00000,0.41083,0.19729,0.21081,0.60000
4055.00000,0.41042,0.19739,0.21040,0.60000
4060.00000,0.41001,0.19750,0.20999,0.60000
4065.00000,0.40960,0.19760,0.20958,0.60000
4070.00000,0.40919,0.19770,0.20917,0.60000
4075.00000,0.40878,0.19780,0.20876,0.60000
4080.00000,0.40838,0.19790,0.20836,0.60000
4085.00000,0.40797,0.19801,0.20795,0.60000
4090.00000,0.40756,0.19811,0.20754,0.60000
4095.00000,0.40716,0.19821,0.20714,0.60000
4100.00000,0.40676,0.19831,0.20674,0.60000
4105.00000,0.40635,0.19841,0.20633,0.60000
4110.00000,0.40595,0.19851,0.20593,0.60000
4115.00000,0.40555,0.19861,0.20553,0.60000
4120.00000,0.40515,0.19871,0.20513,0.60000
4125.00000,0.40475,0.19881,0.20473,0.60000
4130.00000,0.40435,0.19891,0.20433,0.60000
4135.00000,0.40395,0.19901,0.20393,0.60000
4140.00000,0.40355,0.19911,0.20353,0.60000
4145.00000,0.40316,0.19921,0.20314,0.60000
4150.00000,0.40276,0.19931,0.20274,0.60000
4155.00000,0.40236,0.19941,0.20234,0.60000
4160.00000,0.40197,0.19951,0.20195,0.60000
4165.00000,0.40158,0.19960,0.20156,0.60000
4170.00000,0.40118,0.19970,0.20116,0.60000
4175.00000,0.40079,0.19980,0.20077,0.60000
4180.00000,0.40040,0.19990,0.20038,0.60000
4185.00000,0.40001,0.20000,0.19999,0.60000
4190.00000,0.39962,0.20009,0.19960,0.60000
4195.00000,0.39923,0.20019,0.19921,0.60000
4200.00000,0.39884,0.20029,0.19882,0.60000
4205.00000,0.39845,0.20038,0.19843,0.60000
4210.00000,0.39807,0.20048,0.19805,0.60000
4215.00000,0.39768,0.20058,0.19766,0.60000
4220.00000,0.39729,0.20067,0.19728,0.60000
4225.00000,0.39691,0.20077,0.19689,0.60000
4230.00000,0.39653,0.20087,0.19651,0.60000
4235.00000,0.39614,0.20096,0.19612,0.60000
4240.00000,0.39576,0.20106,0.19574,0.60000
4245.00000,0.39538,0.20115,0.19536,0.60000
4250.00000,0.39500,0.20125,0.19498,0.60000
4255.00000,0.39462,0.20134,0.19460,0.60000
4260.00000,0.39424,0.20144,0.19422,0.60000
4265.00000,0.39386,0.20153,0.19384,0.60000
4270.00000,0.39348,0.20163,0.19346,0.60000
4275.00000,0.39310,0.20172,0.19309,0.60000
4280.00000,0.39273,0.20182,0.19271,0.60000
4285.00000,0.39235,0.20191,0.19233,0.60000
4290.00000,0.39198,0.20200,0.19196,0.60000
4295.00000,0.39160,0.20210,0.19158,0.60000
4300.00000,0.39123,0.20219,0.19121,0.60000
4305.00000,0.39086,0.20228,0.19084,0.60000
4310.00000,0.39048,0.20238,0.19047,0.60000
4315.00000,0.39011,0.20247,0.19009,0.60000
4320.00000,0.38974,0.20256,0.18972,0.60000
4325.00000,0.38937,0.20265,0.18935,0.60000
4330.00000,0.38900,0.20275,0.18898,0.60000
4335.00000,0.38863,0.20284,0.18862,0.60000
4340.00000,0.38827,0.20293,0.18825,0.60000
4345.00000,0.38790,0.20302,0.18788,0.60000
4350.00000,0.38753,0.20311,0.18751,0.60000
4355.00000,0.38717,0.20321,0.18715,0.60000
4360.00000,0.38680,0.20330,0.18678,0.60000
4365.00000,0.38644,0.20339,0.18642,0.60000
4370.00000,0.38608,0.20348,0.18606,0.60000
4375.00000,0.38571,0.20357,0.18569,0.60000
4380.00000,0.38535,0.20366,0.18533,0.60000
4385.00000,0.38499,0.20375,0.18497,0.60000
4390.00000,0.38463,0.20384,0.18461,0.60000
4395.00000,0.38427,0.20393,0.18425,0.60000
4400.00000,0.38391,0.20402,0.18389,0.60000
4405.00000,0.38355,0.20411,0.18353,0.60000
4410.00000,0.38319,0.20420,0.18317,0.60000
4415.00000,0.38284,0.20429,0.18282,0.60000
4420.00000,0.38248,0.20438,0.18246,0.60000
4425.00000,0.38212,0.20447,0.18211,0.60000
4430.00000,0.38177,0.20456,0.18175,0.60000
4435.00000,0.38141,0.20464,0.18140,0.60000
4440.00000,0.38106,0.20473,0.18104,0.60000
4445.00000,0.38071,0.20482,0.18069,0.60000
4450.00000,0.38036,0.20491,0.18034,0.60000
4455.00000,0.38000,0.20500,0.17999,0.60000
4460.00000,0.37965,0.20509,0.17963,0.60000
4465.00000,0.37930,0.20517,0.17928,0.60000
4470.00000,0.37895,0.20526,0.17893,0.60000
4475.00000,0.37860,0.20535,0.17859,0.60000
4480.00000,0.37826,0.20543,0.17824,0.60000
4485.00000,0.37791,0.20552,0.17789,0.60000
4490.00000,0.37756,0.20561,0.17754,0.60000
4495.00000,0.37722,0.20569,0.17720,0.60000
4500.00000,0.37687,0.20578,0.17685,0.60000
4505.00000,0.37652,0.20587,0.17651,0.60000
4510.00000,0.37618,0.20595,0.17616,0.60000
4515.00000,0.37584,0.20604,0.17582,0.60000
4520.00000,0.37549,0.20612,0.17548,0.60000
4525.00000,0.37515,0.20621,0.17513,0.60000
4530.00000,0.37481,0.20630,0.17479,0.60000
4535.00000,0.37447,0.20638,0.17445,0.60000
4540.00000,0.37413,0.20647,0.17411,0.60000
4545.00000,0.37379,0.20655,0.17377,0.60000
4550.00000,0.37345,0.20664,0.17343,0.60000
4555.00000,0.37311,0.20672,0.17310,0.60000
4560.00000,0.37278,0.20680,0.17276,0.60000
4565.00000,0.37244,0.20689,0.17242,0.60000
4570.00000,0.37210,0.20697,0.17208,0.60000
4575.00000,0.37177,0.20706,0.17175,0.60000
4580.00000,0.37143,0.20714,0.17141,0.60000
4585.00000,0.37110,0.20722,0.17108,0.60000
4590.00000,0.37076,0.20731,0.17075,0.60000
4595.00000,0.37043,0.20739,0.17041,0.60000
4600.00000,0.37010,0.20747,0.17008,0.60000
4605.00000,0.36977,0.20756,0.16975,0.60000
4610.00000,0.36944,0.20764,0.16942,0.60000
4615.00000,0.36911,0.20772,0.16909,0.60000
4620.00000,0.36878,0.20780,0.16876,0.60000
4625.00000,0.36845,0.20789,0.16843,0.60000
4630.00000,0.36812,0.20797,0.16810,0.60000
4635.00000,0.36779,0.20805,0.16777,0.60000
4640.00000,0.36746,0.20813,0.16745,0.60000
4645.00000,0.36714,0.20821,0.16712,0.60000
4650.00000,0.36681,0.20830,0.16679,0.60000
4655.00000,0.36649,0.20838,0.16647,0.60000
4660.00000,0.36616,0.20846,0.16614,0.60000
4665.00000,0.36584,0.20854,0.16582,0.60000
4670.00000,0.36551,0.20862,0.16550,0.60000
4675.00000,0.36519,0.20870,0.16517,0.60000
4680.00000,0.36487,0.20878,0.16485,0.60000
4685.00000,0.36455,0.20886,0.16453,0.60000
4690.00000,0.36423,0.20894,0.16421,0.60000
4695.00000,0.36391,0.20902,0.16389,0.60000
4700.00000,0.36359,0.20910,0.16357,0.60000
4705.00000,0.36327,0.20918,0.16325,0.60000
4710.00000,0.36295,0.20926,0.16293,0.60000
4715.00000,0.36263,0.20934,0.16262,0.60000
4720.00000,0.36232,0.20942,0.16230,0.60000
4725.00000,0.36200,0.20950,0.16198,0.60000
4730.00000,0.36168,0.20958,0.16167,0.60000
4735.00000,0.36137,0.20966,0.16135,0.60000
4740.00000,0.36105,0.20974,0.16104,0.60000
4745.00000,0.36074,0.20981,0.16072,0.60000
4750.00000,0.36043,0.20989,0.16041,0.60000
4755.00000,0.36011,0.20997,0.16010,0.60000
4760.00000,0.35980,0.21005,0.15978,0.60000
4765.00000,0.35949,0.21013,0.15947,0.60000
4770.00000,0.35918,0.21020,0.15916,0.60000
4775.00000,0.35887,0.21028,0.15885,0.60000
4780.00000,0.35856,0.21036,0.15854,0.60000
4785.00000,0.35825,0.21044,0.15823,0.60000
4790.00000,0.35794,0.21051,0.15792,0.60000
4795.00000,0.35763,0.21059,0.15762,0.60000
4800.00000,0.35733,0.21067,0.15731,0.60000
4805.00000,0.35702,0.21074,0.15700,0.60000
4810.00000,0.35671,0.21082,0.15670,0.60000
4815.00000,0.35641,0.21090,0.15639,0.60000
4820.00000,0.35610,0.21097,0.15609,0.60000
4825.00000,0.35580,0.21105,0.15578,0.60000
4830.00000,0.35549,0.21112,0.15548,0.60000
4835.00000,0.35519,0.21120,0.15517,0.60000
4840.00000,0.35489,0.21128,0.15487,0.60000
4845.00000,0.35459,0.21135,0.15457,0.60000
4850.00000,0.35429,0.21143,0.15427,0.60000
4855.00000,0.35398,0.21150,0.15397,0.60000
4860.00000,0.35368,0.21158,0.15367,0.60000
4865.00000,0.35338,0.21165,0.15337,0.60000
4870.00000,0.35309,0.21173,0.15307,0.60000
4875.00000,0.35279,0.21180,0.15277,0.60000
4880.00000,0.35249,0.21188,0.15247,0.60000
4885.00000,0.35219,0.21195,0.15217,0.60000
4890.00000,0.35190,0.21202,0.15188,0.60000
4895.00000,0.35160,0.21210,0.15158,0.60000
4900.00000,0.35130,0.21217,0.15129,0.60000
4905.00000,0.35101,0.21225,0.15099,0.60000
4910.00000,0.35071,0.21232,0.15070,0.60000
4915.00000,0.35042,0.21239,0.15040,0.60000
4920.00000,0.35013,0.21247,0.15011,0.60000
4925.00000,0.34983,0.21254,0.14982,0.60000
4930.00000,0.34954,0.21261,0.14953,0.60000
4935.00000,0.34925,0.21269,0.14923,0.60000
4940.00000,0.34896,0.21276,0.14894,0.60000
4945.00000,0.34867,0.21283,0.14865,0.60000
4950.00000,0.34838,0.21290,0.14836,0.60000
4955.00000,0.34809,0.21298,0.14807,0.60000
4960.00000,0.34780,0.21305,0.14778,0.60000
4965.00000,0.34751,0.21312,0.14750,0.60000
4970.00000,0.34723,0.21319,0.14721,0.60000
4975.00000,0.34694,0.21326,0.14692,0.60000
4980.00000,0.34665,0.21334,0.14664,0.60000
4985.00000,0.34637,0.21341,0.14635,0.60000
4990.00000,0.34608,0.21348,0.14606,0.60000
4995.00000,0.34580,0.21355,0.14578,0.60000
5000.00000,0.34551,0.21362,0.14550,0.60000